Id,created_at,updated_at,timing,type,no_of_items_in_feed
401,2023-05-24 01:38:30.24387+05:45,2023-05-24 01:38:30.24387+05:45,119,2,20
402,2023-05-24 01:38:30.8878428+05:45,2023-05-24 01:38:30.8878428+05:45,759,2,20
403,2023-05-24 01:38:30.9431362+05:45,2023-05-24 01:38:30.9431362+05:45,818,2,20
404,2023-05-24 01:38:31.0795391+05:45,2023-05-24 01:38:31.0795391+05:45,333,2,20
405,2023-05-24 01:38:31.1471688+05:45,2023-05-24 01:38:31.1471688+05:45,330,2,20
406,2023-05-24 01:38:31.1431544+05:45,2023-05-24 01:38:31.1431544+05:45,1015,2,20
407,2023-05-24 01:38:30.25119+05:45,2023-05-24 01:38:30.25119+05:45,126,2,20
408,2023-05-24 01:38:31.2127078+05:45,2023-05-24 01:38:31.2127078+05:45,797,2,20
409,2023-05-24 01:38:31.4879172+05:45,2023-05-24 01:38:31.4879172+05:45,1356,2,20
410,2023-05-24 01:38:31.20996+05:45,2023-05-24 01:38:31.20996+05:45,449,2,20
411,2023-05-24 01:38:31.2120033+05:45,2023-05-24 01:38:31.2120033+05:45,1080,2,20
412,2023-05-24 01:38:31.1391659+05:45,2023-05-24 01:38:31.1391659+05:45,496,2,20
413,2023-05-24 01:38:31.7058272+05:45,2023-05-24 01:38:31.7058272+05:45,1576,2,20
414,2023-05-24 01:38:31.7716407+05:45,2023-05-24 01:38:31.7716407+05:45,1639,2,20
415,2023-05-24 01:38:31.5745927+05:45,2023-05-24 01:38:31.5745927+05:45,1447,2,20
416,2023-05-24 01:38:31.8863745+05:45,2023-05-24 01:38:31.8863745+05:45,1759,2,20
417,2023-05-24 01:38:31.9227523+05:45,2023-05-24 01:38:31.9227523+05:45,1797,2,20
418,2023-05-24 01:38:31.3475279+05:45,2023-05-24 01:38:31.3475279+05:45,1218,2,20
419,2023-05-24 01:38:31.2127078+05:45,2023-05-24 01:38:31.2127078+05:45,708,2,20
420,2023-05-24 01:38:31.8299293+05:45,2023-05-24 01:38:31.8299293+05:45,1701,2,20
421,2023-05-24 01:38:31.8518652+05:45,2023-05-24 01:38:31.8518652+05:45,1725,2,20
422,2023-05-24 01:38:32.1740626+05:45,2023-05-24 01:38:32.1740626+05:45,1879,2,20
423,2023-05-24 01:38:32.361942+05:45,2023-05-24 01:38:32.361942+05:45,2197,2,20
424,2023-05-24 01:38:32.1772372+05:45,2023-05-24 01:38:32.1772372+05:45,1961,2,20
425,2023-05-24 01:38:32.4012219+05:45,2023-05-24 01:38:32.4012219+05:45,2192,2,20
426,2023-05-24 01:38:31.1397004+05:45,2023-05-24 01:38:31.1397004+05:45,843,2,20
427,2023-05-24 01:38:31.4030662+05:45,2023-05-24 01:38:31.4030662+05:45,1275,2,20
428,2023-05-24 01:38:32.2409344+05:45,2023-05-24 01:38:32.2409344+05:45,2109,2,20
429,2023-05-24 01:38:32.1142371+05:45,2023-05-24 01:38:32.1142371+05:45,1975,2,20
430,2023-05-24 01:38:31.3655252+05:45,2023-05-24 01:38:31.3655252+05:45,1240,2,20
431,2023-05-24 01:38:32.4001857+05:45,2023-05-24 01:38:32.4001857+05:45,2196,2,20
432,2023-05-24 01:38:31.1391659+05:45,2023-05-24 01:38:31.1391659+05:45,564,2,20
433,2023-05-24 01:38:31.2050875+05:45,2023-05-24 01:38:31.2050875+05:45,1017,2,20
434,2023-05-24 01:38:32.3987518+05:45,2023-05-24 01:38:32.3987518+05:45,2265,2,20
435,2023-05-24 01:38:32.0756057+05:45,2023-05-24 01:38:32.0756057+05:45,1948,2,20
436,2023-05-24 01:38:32.4544104+05:45,2023-05-24 01:38:32.4544104+05:45,2299,2,20
437,2023-05-24 01:38:31.276285+05:45,2023-05-24 01:38:31.276285+05:45,1122,2,20
438,2023-05-24 01:38:32.3978985+05:45,2023-05-24 01:38:32.3978985+05:45,2196,2,20
439,2023-05-24 01:38:32.361942+05:45,2023-05-24 01:38:32.361942+05:45,2081,2,20
440,2023-05-24 01:38:32.1484073+05:45,2023-05-24 01:38:32.1484073+05:45,2019,2,20
441,2023-05-24 01:38:31.5438262+05:45,2023-05-24 01:38:31.5438262+05:45,1303,2,20
442,2023-05-24 01:38:32.1123825+05:45,2023-05-24 01:38:32.1123825+05:45,1816,2,20
443,2023-05-24 01:38:32.1785786+05:45,2023-05-24 01:38:32.1785786+05:45,2053,2,20
444,2023-05-24 01:38:31.1397004+05:45,2023-05-24 01:38:31.1397004+05:45,780,2,20
445,2023-05-24 01:38:32.3975314+05:45,2023-05-24 01:38:32.3975314+05:45,2197,2,20
446,2023-05-24 01:38:32.0680392+05:45,2023-05-24 01:38:32.0680392+05:45,1915,2,20
447,2023-05-24 01:38:32.455246+05:45,2023-05-24 01:38:32.455246+05:45,2275,2,20
448,2023-05-24 01:38:31.4736656+05:45,2023-05-24 01:38:31.4736656+05:45,1348,2,20
449,2023-05-24 01:38:31.1386534+05:45,2023-05-24 01:38:31.1386534+05:45,367,2,20
450,2023-05-24 01:38:31.5438262+05:45,2023-05-24 01:38:31.5438262+05:45,1381,2,20
451,2023-05-24 01:38:34.0925677+05:45,2023-05-24 01:38:34.0925677+05:45,299,2,20
452,2023-05-24 01:38:34.549729+05:45,2023-05-24 01:38:34.549729+05:45,616,2,20
453,2023-05-24 01:38:35.2272535+05:45,2023-05-24 01:38:35.2272535+05:45,1235,2,20
454,2023-05-24 01:38:35.3573779+05:45,2023-05-24 01:38:35.3573779+05:45,1553,2,20
455,2023-05-24 01:38:35.310951+05:45,2023-05-24 01:38:35.310951+05:45,1462,2,20
456,2023-05-24 01:38:35.4101419+05:45,2023-05-24 01:38:35.4101419+05:45,1147,2,20
457,2023-05-24 01:38:35.2272535+05:45,2023-05-24 01:38:35.2272535+05:45,1216,2,20
458,2023-05-24 01:38:35.4870725+05:45,2023-05-24 01:38:35.4870725+05:45,1688,2,20
459,2023-05-24 01:38:35.850725+05:45,2023-05-24 01:38:35.850725+05:45,2057,2,20
460,2023-05-24 01:38:35.2262233+05:45,2023-05-24 01:38:35.2262233+05:45,1290,2,20
461,2023-05-24 01:38:35.3085674+05:45,2023-05-24 01:38:35.3085674+05:45,1515,2,20
462,2023-05-24 01:38:35.7884782+05:45,2023-05-24 01:38:35.7884782+05:45,1990,2,20
463,2023-05-24 01:38:35.8604694+05:45,2023-05-24 01:38:35.8604694+05:45,2046,2,20
464,2023-05-24 01:38:35.8720974+05:45,2023-05-24 01:38:35.8720974+05:45,1894,2,20
465,2023-05-24 01:38:35.9972412+05:45,2023-05-24 01:38:35.9972412+05:45,2176,2,20
466,2023-05-24 01:38:35.8658554+05:45,2023-05-24 01:38:35.8658554+05:45,1990,2,20
467,2023-05-24 01:38:35.6352962+05:45,2023-05-24 01:38:35.6352962+05:45,1830,2,20
468,2023-05-24 01:38:35.2532534+05:45,2023-05-24 01:38:35.2532534+05:45,976,2,20
469,2023-05-24 01:38:35.995207+05:45,2023-05-24 01:38:35.995207+05:45,2097,2,20
470,2023-05-24 01:38:35.2262233+05:45,2023-05-24 01:38:35.2262233+05:45,1395,2,20
471,2023-05-24 01:38:34.549729+05:45,2023-05-24 01:38:34.549729+05:45,561,2,20
472,2023-05-24 01:38:35.2532534+05:45,2023-05-24 01:38:35.2532534+05:45,837,2,20
473,2023-05-24 01:38:35.8720974+05:45,2023-05-24 01:38:35.8720974+05:45,1893,2,20
474,2023-05-24 01:38:35.2537895+05:45,2023-05-24 01:38:35.2537895+05:45,1180,2,20
475,2023-05-24 01:38:35.2262233+05:45,2023-05-24 01:38:35.2262233+05:45,1067,2,20
476,2023-05-24 01:38:35.8756259+05:45,2023-05-24 01:38:35.8756259+05:45,1890,2,20
477,2023-05-24 01:38:35.2262233+05:45,2023-05-24 01:38:35.2262233+05:45,1413,2,20
478,2023-05-24 01:38:35.4153755+05:45,2023-05-24 01:38:35.4153755+05:45,1598,2,20
479,2023-05-24 01:38:34.0973105+05:45,2023-05-24 01:38:34.0973105+05:45,304,2,20
480,2023-05-24 01:38:36.0069493+05:45,2023-05-24 01:38:36.0069493+05:45,2212,2,20
481,2023-05-24 01:38:35.2532534+05:45,2023-05-24 01:38:35.2532534+05:45,1271,2,20
482,2023-05-24 01:38:35.7954622+05:45,2023-05-24 01:38:35.7954622+05:45,1878,2,20
483,2023-05-24 01:38:35.2537895+05:45,2023-05-24 01:38:35.2537895+05:45,1349,2,20
484,2023-05-24 01:38:35.4187171+05:45,2023-05-24 01:38:35.4187171+05:45,1622,2,20
485,2023-05-24 01:38:35.2526193+05:45,2023-05-24 01:38:35.2526193+05:45,1138,2,20
486,2023-05-24 01:38:35.4153755+05:45,2023-05-24 01:38:35.4153755+05:45,1521,2,20
487,2023-05-24 01:38:35.470851+05:45,2023-05-24 01:38:35.470851+05:45,1658,2,20
488,2023-05-24 01:38:35.9726897+05:45,2023-05-24 01:38:35.9726897+05:45,2177,2,20
489,2023-05-24 01:38:35.2542736+05:45,2023-05-24 01:38:35.2542736+05:45,1323,2,20
490,2023-05-24 01:38:35.2532534+05:45,2023-05-24 01:38:35.2532534+05:45,1311,2,20
491,2023-05-24 01:38:35.9938057+05:45,2023-05-24 01:38:35.9938057+05:45,2095,2,20
492,2023-05-24 01:38:35.2272535+05:45,2023-05-24 01:38:35.2272535+05:45,933,2,20
493,2023-05-24 01:38:35.2509694+05:45,2023-05-24 01:38:35.2509694+05:45,1101,2,20
494,2023-05-24 01:38:35.8653257+05:45,2023-05-24 01:38:35.8653257+05:45,1888,2,20
495,2023-05-24 01:38:35.2380751+05:45,2023-05-24 01:38:35.2380751+05:45,1438,2,20
496,2023-05-24 01:38:35.2262233+05:45,2023-05-24 01:38:35.2262233+05:45,1123,2,20
497,2023-05-24 01:38:35.2527416+05:45,2023-05-24 01:38:35.2527416+05:45,1243,2,20
498,2023-05-24 01:38:35.2526193+05:45,2023-05-24 01:38:35.2526193+05:45,1377,2,20
499,2023-05-24 01:38:35.8667232+05:45,2023-05-24 01:38:35.8667232+05:45,1982,2,20
500,2023-05-24 01:38:35.8678929+05:45,2023-05-24 01:38:35.8678929+05:45,1985,2,20
501,2023-05-24 01:38:38.1441569+05:45,2023-05-24 01:38:38.1441569+05:45,167,2,20
502,2023-05-24 01:38:38.3486489+05:45,2023-05-24 01:38:38.3486489+05:45,371,2,20
503,2023-05-24 01:38:38.4032172+05:45,2023-05-24 01:38:38.4032172+05:45,420,2,20
504,2023-05-24 01:38:38.4042272+05:45,2023-05-24 01:38:38.4042272+05:45,388,2,20
505,2023-05-24 01:38:38.351303+05:45,2023-05-24 01:38:38.351303+05:45,372,2,20
506,2023-05-24 01:38:38.4952123+05:45,2023-05-24 01:38:38.4952123+05:45,513,2,20
507,2023-05-24 01:38:38.5292569+05:45,2023-05-24 01:38:38.5292569+05:45,547,2,20
508,2023-05-24 01:38:38.7135226+05:45,2023-05-24 01:38:38.7135226+05:45,731,2,20
509,2023-05-24 01:38:38.8058899+05:45,2023-05-24 01:38:38.8058899+05:45,827,2,20
510,2023-05-24 01:38:38.8591414+05:45,2023-05-24 01:38:38.8591414+05:45,877,2,20
511,2023-05-24 01:38:38.962305+05:45,2023-05-24 01:38:38.962305+05:45,950,2,20
512,2023-05-24 01:38:39.3865444+05:45,2023-05-24 01:38:39.3865444+05:45,1391,2,20
513,2023-05-24 01:38:40.10001+05:45,2023-05-24 01:38:40.10001+05:45,1860,2,20
514,2023-05-24 01:38:40.1010039+05:45,2023-05-24 01:38:40.1010039+05:45,1096,2,20
515,2023-05-24 01:38:40.1011932+05:45,2023-05-24 01:38:40.1011932+05:45,1907,2,20
516,2023-05-24 01:38:40.1010039+05:45,2023-05-24 01:38:40.1010039+05:45,1099,2,20
517,2023-05-24 01:38:39.3909123+05:45,2023-05-24 01:38:39.3909123+05:45,1199,2,20
518,2023-05-24 01:38:40.2710083+05:45,2023-05-24 01:38:40.2710083+05:45,1793,2,20
519,2023-05-24 01:38:39.39293+05:45,2023-05-24 01:38:39.39293+05:45,1074,2,20
520,2023-05-24 01:38:40.2725577+05:45,2023-05-24 01:38:40.2725577+05:45,1182,2,20
521,2023-05-24 01:38:40.2725577+05:45,2023-05-24 01:38:40.2725577+05:45,1212,2,20
522,2023-05-24 01:38:40.1625559+05:45,2023-05-24 01:38:40.1625559+05:45,1749,2,20
523,2023-05-24 01:38:40.1010039+05:45,2023-05-24 01:38:40.1010039+05:45,1943,2,20
524,2023-05-24 01:38:40.268899+05:45,2023-05-24 01:38:40.268899+05:45,1094,2,20
525,2023-05-24 01:38:39.3919262+05:45,2023-05-24 01:38:39.3919262+05:45,1137,2,20
526,2023-05-24 01:38:39.4191072+05:45,2023-05-24 01:38:39.4191072+05:45,1437,2,20
527,2023-05-24 01:38:40.437482+05:45,2023-05-24 01:38:40.437482+05:45,1571,2,20
528,2023-05-24 01:38:39.3939256+05:45,2023-05-24 01:38:39.3939256+05:45,1236,2,20
529,2023-05-24 01:38:40.1010039+05:45,2023-05-24 01:38:40.1010039+05:45,1923,2,20
530,2023-05-24 01:38:40.268899+05:45,2023-05-24 01:38:40.268899+05:45,1685,2,20
531,2023-05-24 01:38:40.1625559+05:45,2023-05-24 01:38:40.1625559+05:45,1721,2,20
532,2023-05-24 01:38:40.2710083+05:45,2023-05-24 01:38:40.2710083+05:45,1677,2,20
533,2023-05-24 01:38:38.9711871+05:45,2023-05-24 01:38:38.9711871+05:45,994,2,20
534,2023-05-24 01:38:40.1010039+05:45,2023-05-24 01:38:40.1010039+05:45,1881,2,20
535,2023-05-24 01:38:40.273105+05:45,2023-05-24 01:38:40.273105+05:45,1687,2,20
536,2023-05-24 01:38:40.3290701+05:45,2023-05-24 01:38:40.3290701+05:45,1388,2,20
537,2023-05-24 01:38:40.268899+05:45,2023-05-24 01:38:40.268899+05:45,1585,2,20
538,2023-05-24 01:38:40.1011932+05:45,2023-05-24 01:38:40.1011932+05:45,1665,2,20
539,2023-05-24 01:38:40.2720327+05:45,2023-05-24 01:38:40.2720327+05:45,1810,2,20
540,2023-05-24 01:38:40.2262985+05:45,2023-05-24 01:38:40.2262985+05:45,1396,2,20
541,2023-05-24 01:38:40.2710083+05:45,2023-05-24 01:38:40.2710083+05:45,1739,2,20
542,2023-05-24 01:38:38.8946213+05:45,2023-05-24 01:38:38.8946213+05:45,918,2,20
543,2023-05-24 01:38:40.1625559+05:45,2023-05-24 01:38:40.1625559+05:45,1909,2,20
544,2023-05-24 01:38:40.2262985+05:45,2023-05-24 01:38:40.2262985+05:45,1783,2,20
545,2023-05-24 01:38:40.1611221+05:45,2023-05-24 01:38:40.1611221+05:45,1278,2,20
546,2023-05-24 01:38:40.1010039+05:45,2023-05-24 01:38:40.1010039+05:45,1644,2,20
547,2023-05-24 01:38:40.2244553+05:45,2023-05-24 01:38:40.2244553+05:45,1833,2,20
548,2023-05-24 01:38:40.2720327+05:45,2023-05-24 01:38:40.2720327+05:45,1166,2,20
549,2023-05-24 01:38:40.163157+05:45,2023-05-24 01:38:40.163157+05:45,1480,2,20
550,2023-05-24 01:38:40.1625559+05:45,2023-05-24 01:38:40.1625559+05:45,1861,2,20
551,2023-05-24 01:38:42.2950206+05:45,2023-05-24 01:38:42.2950206+05:45,223,2,20
552,2023-05-24 01:38:42.314773+05:45,2023-05-24 01:38:42.314773+05:45,242,2,20
553,2023-05-24 01:38:42.4220443+05:45,2023-05-24 01:38:42.4220443+05:45,350,2,20
554,2023-05-24 01:38:42.4584335+05:45,2023-05-24 01:38:42.4584335+05:45,386,2,20
555,2023-05-24 01:38:42.6371322+05:45,2023-05-24 01:38:42.6371322+05:45,562,2,20
556,2023-05-24 01:38:42.7209331+05:45,2023-05-24 01:38:42.7209331+05:45,647,2,20
557,2023-05-24 01:38:42.8878698+05:45,2023-05-24 01:38:42.8878698+05:45,813,2,20
558,2023-05-24 01:38:43.0666675+05:45,2023-05-24 01:38:43.0666675+05:45,995,2,20
559,2023-05-24 01:38:43.1734448+05:45,2023-05-24 01:38:43.1734448+05:45,1099,2,20
560,2023-05-24 01:38:43.1917905+05:45,2023-05-24 01:38:43.1917905+05:45,1118,2,20
561,2023-05-24 01:38:43.2743501+05:45,2023-05-24 01:38:43.2743501+05:45,1202,2,20
562,2023-05-24 01:38:43.3081444+05:45,2023-05-24 01:38:43.3081444+05:45,1236,2,20
563,2023-05-24 01:38:43.3822964+05:45,2023-05-24 01:38:43.3822964+05:45,1307,2,20
564,2023-05-24 01:38:43.4472267+05:45,2023-05-24 01:38:43.4472267+05:45,1375,2,20
565,2023-05-24 01:38:43.6363126+05:45,2023-05-24 01:38:43.6363126+05:45,1562,2,20
566,2023-05-24 01:38:43.6895669+05:45,2023-05-24 01:38:43.6895669+05:45,1617,2,20
567,2023-05-24 01:38:43.7156232+05:45,2023-05-24 01:38:43.7156232+05:45,1641,2,20
568,2023-05-24 01:38:44.0575857+05:45,2023-05-24 01:38:44.0575857+05:45,1797,2,20
569,2023-05-24 01:38:43.7530278+05:45,2023-05-24 01:38:43.7530278+05:45,1662,2,20
570,2023-05-24 01:38:44.9249068+05:45,2023-05-24 01:38:44.9249068+05:45,2286,2,20
571,2023-05-24 01:38:44.9699541+05:45,2023-05-24 01:38:44.9699541+05:45,2440,2,20
572,2023-05-24 01:38:44.9699541+05:45,2023-05-24 01:38:44.9699541+05:45,2282,2,20
573,2023-05-24 01:38:44.9699541+05:45,2023-05-24 01:38:44.9699541+05:45,2400,2,20
574,2023-05-24 01:38:45.01775+05:45,2023-05-24 01:38:45.01775+05:45,2035,2,20
575,2023-05-24 01:38:44.9249068+05:45,2023-05-24 01:38:44.9249068+05:45,2187,2,20
576,2023-05-24 01:38:45.0648981+05:45,2023-05-24 01:38:45.0648981+05:45,2001,2,20
577,2023-05-24 01:38:45.0662128+05:45,2023-05-24 01:38:45.0662128+05:45,2149,2,20
578,2023-05-24 01:38:45.0175744+05:45,2023-05-24 01:38:45.0175744+05:45,2194,2,20
579,2023-05-24 01:38:44.9243045+05:45,2023-05-24 01:38:44.9243045+05:45,2480,2,20
580,2023-05-24 01:38:45.1125792+05:45,2023-05-24 01:38:45.1125792+05:45,1709,2,20
581,2023-05-24 01:38:45.01775+05:45,2023-05-24 01:38:45.01775+05:45,2008,2,20
582,2023-05-24 01:38:44.0697583+05:45,2023-05-24 01:38:44.0697583+05:45,1741,2,20
583,2023-05-24 01:38:45.0175744+05:45,2023-05-24 01:38:45.0175744+05:45,2400,2,20
584,2023-05-24 01:38:44.0718735+05:45,2023-05-24 01:38:44.0718735+05:45,1996,2,20
585,2023-05-24 01:38:44.0575857+05:45,2023-05-24 01:38:44.0575857+05:45,1739,2,20
586,2023-05-24 01:38:43.7693505+05:45,2023-05-24 01:38:43.7693505+05:45,1697,2,20
587,2023-05-24 01:38:45.1125792+05:45,2023-05-24 01:38:45.1125792+05:45,2056,2,20
588,2023-05-24 01:38:44.0589104+05:45,2023-05-24 01:38:44.0589104+05:45,1815,2,20
589,2023-05-24 01:38:45.1143011+05:45,2023-05-24 01:38:45.1143011+05:45,1932,2,20
590,2023-05-24 01:38:45.173224+05:45,2023-05-24 01:38:45.173224+05:45,1758,2,20
591,2023-05-24 01:38:44.0662829+05:45,2023-05-24 01:38:44.0662829+05:45,1826,2,20
592,2023-05-24 01:38:44.0624724+05:45,2023-05-24 01:38:44.0624724+05:45,1882,2,20
593,2023-05-24 01:38:45.0648981+05:45,2023-05-24 01:38:45.0648981+05:45,2129,2,20
594,2023-05-24 01:38:44.0644741+05:45,2023-05-24 01:38:44.0644741+05:45,1879,2,20
595,2023-05-24 01:38:44.0594524+05:45,2023-05-24 01:38:44.0594524+05:45,1844,2,20
596,2023-05-24 01:38:44.070285+05:45,2023-05-24 01:38:44.070285+05:45,1779,2,20
597,2023-05-24 01:38:45.0650842+05:45,2023-05-24 01:38:45.0650842+05:45,2486,2,20
598,2023-05-24 01:38:44.065756+05:45,2023-05-24 01:38:44.065756+05:45,1955,2,20
599,2023-05-24 01:38:44.9238262+05:45,2023-05-24 01:38:44.9238262+05:45,2458,2,20
600,2023-05-24 01:38:44.9249068+05:45,2023-05-24 01:38:44.9249068+05:45,2400,2,20
601,2023-05-24 01:38:47.2536384+05:45,2023-05-24 01:38:47.2536384+05:45,115,2,20
602,2023-05-24 01:38:47.4273284+05:45,2023-05-24 01:38:47.4273284+05:45,289,2,20
603,2023-05-24 01:38:47.4411088+05:45,2023-05-24 01:38:47.4411088+05:45,299,2,20
604,2023-05-24 01:38:47.6173721+05:45,2023-05-24 01:38:47.6173721+05:45,391,2,20
605,2023-05-24 01:38:47.6633157+05:45,2023-05-24 01:38:47.6633157+05:45,388,2,20
606,2023-05-24 01:38:47.8865318+05:45,2023-05-24 01:38:47.8865318+05:45,743,2,20
607,2023-05-24 01:38:47.963567+05:45,2023-05-24 01:38:47.963567+05:45,823,2,20
608,2023-05-24 01:38:48.0060526+05:45,2023-05-24 01:38:48.0060526+05:45,868,2,20
609,2023-05-24 01:38:48.037059+05:45,2023-05-24 01:38:48.037059+05:45,894,2,20
610,2023-05-24 01:38:48.1008809+05:45,2023-05-24 01:38:48.1008809+05:45,962,2,20
611,2023-05-24 01:38:48.1580679+05:45,2023-05-24 01:38:48.1580679+05:45,1018,2,20
612,2023-05-24 01:38:48.1405974+05:45,2023-05-24 01:38:48.1405974+05:45,998,2,20
613,2023-05-24 01:38:48.2731834+05:45,2023-05-24 01:38:48.2731834+05:45,1131,2,20
614,2023-05-24 01:38:48.3232091+05:45,2023-05-24 01:38:48.3232091+05:45,1181,2,20
615,2023-05-24 01:38:48.2213869+05:45,2023-05-24 01:38:48.2213869+05:45,1068,2,20
616,2023-05-24 01:38:48.2210737+05:45,2023-05-24 01:38:48.2210737+05:45,1053,2,20
617,2023-05-24 01:38:48.6490115+05:45,2023-05-24 01:38:48.6490115+05:45,1506,2,20
618,2023-05-24 01:38:48.399005+05:45,2023-05-24 01:38:48.399005+05:45,1255,2,20
619,2023-05-24 01:38:48.776426+05:45,2023-05-24 01:38:48.776426+05:45,1589,2,20
620,2023-05-24 01:38:48.8360989+05:45,2023-05-24 01:38:48.8360989+05:45,1693,2,20
621,2023-05-24 01:38:48.9036734+05:45,2023-05-24 01:38:48.9036734+05:45,1761,2,20
622,2023-05-24 01:38:48.7028529+05:45,2023-05-24 01:38:48.7028529+05:45,1560,2,20
623,2023-05-24 01:38:48.780425+05:45,2023-05-24 01:38:48.780425+05:45,1611,2,20
624,2023-05-24 01:38:48.4949593+05:45,2023-05-24 01:38:48.4949593+05:45,1352,2,20
625,2023-05-24 01:38:49.1185655+05:45,2023-05-24 01:38:49.1185655+05:45,1972,2,20
626,2023-05-24 01:38:49.2050496+05:45,2023-05-24 01:38:49.2050496+05:45,2041,2,20
627,2023-05-24 01:38:49.299393+05:45,2023-05-24 01:38:49.299393+05:45,2151,2,20
628,2023-05-24 01:38:49.2530373+05:45,2023-05-24 01:38:49.2530373+05:45,2038,2,20
629,2023-05-24 01:38:49.2027398+05:45,2023-05-24 01:38:49.2027398+05:45,2041,2,20
630,2023-05-24 01:38:49.0079579+05:45,2023-05-24 01:38:49.0079579+05:45,1865,2,20
631,2023-05-24 01:38:48.958877+05:45,2023-05-24 01:38:48.958877+05:45,1799,2,20
632,2023-05-24 01:38:49.1175389+05:45,2023-05-24 01:38:49.1175389+05:45,1967,2,20
633,2023-05-24 01:38:48.9672392+05:45,2023-05-24 01:38:48.9672392+05:45,1825,2,20
634,2023-05-24 01:38:48.958877+05:45,2023-05-24 01:38:48.958877+05:45,1726,2,20
635,2023-05-24 01:38:48.5636534+05:45,2023-05-24 01:38:48.5636534+05:45,1377,2,20
636,2023-05-24 01:38:49.1096685+05:45,2023-05-24 01:38:49.1096685+05:45,1967,2,20
637,2023-05-24 01:38:48.7014982+05:45,2023-05-24 01:38:48.7014982+05:45,1523,2,20
638,2023-05-24 01:38:49.2176253+05:45,2023-05-24 01:38:49.2176253+05:45,2075,2,20
639,2023-05-24 01:38:48.2454826+05:45,2023-05-24 01:38:48.2454826+05:45,1103,2,20
640,2023-05-24 01:38:48.3592887+05:45,2023-05-24 01:38:48.3592887+05:45,1159,2,20
641,2023-05-24 01:38:49.0048519+05:45,2023-05-24 01:38:49.0048519+05:45,1843,2,20
642,2023-05-24 01:38:48.7166232+05:45,2023-05-24 01:38:48.7166232+05:45,1427,2,20
643,2023-05-24 01:38:49.290952+05:45,2023-05-24 01:38:49.290952+05:45,2148,2,20
644,2023-05-24 01:38:48.958877+05:45,2023-05-24 01:38:48.958877+05:45,1779,2,20
645,2023-05-24 01:38:48.3592887+05:45,2023-05-24 01:38:48.3592887+05:45,1215,2,20
646,2023-05-24 01:38:49.2023803+05:45,2023-05-24 01:38:49.2023803+05:45,1973,2,20
647,2023-05-24 01:38:48.9601625+05:45,2023-05-24 01:38:48.9601625+05:45,1746,2,20
648,2023-05-24 01:38:48.8144359+05:45,2023-05-24 01:38:48.8144359+05:45,1674,2,20
649,2023-05-24 01:38:49.2621699+05:45,2023-05-24 01:38:49.2621699+05:45,2085,2,20
650,2023-05-24 01:38:48.7020666+05:45,2023-05-24 01:38:48.7020666+05:45,1441,2,20
651,2023-05-24 01:38:52.4232095+05:45,2023-05-24 01:38:52.4232095+05:45,95,2,20
652,2023-05-24 01:38:52.6260462+05:45,2023-05-24 01:38:52.6260462+05:45,295,2,20
653,2023-05-24 01:38:52.743495+05:45,2023-05-24 01:38:52.743495+05:45,415,2,20
654,2023-05-24 01:38:52.6797906+05:45,2023-05-24 01:38:52.6797906+05:45,349,2,20
655,2023-05-24 01:38:52.7886721+05:45,2023-05-24 01:38:52.7886721+05:45,347,2,20
656,2023-05-24 01:38:52.9491745+05:45,2023-05-24 01:38:52.9491745+05:45,618,2,20
657,2023-05-24 01:38:53.0124222+05:45,2023-05-24 01:38:53.0124222+05:45,680,2,20
658,2023-05-24 01:38:53.1247883+05:45,2023-05-24 01:38:53.1247883+05:45,792,2,20
659,2023-05-24 01:38:53.2375849+05:45,2023-05-24 01:38:53.2375849+05:45,905,2,20
660,2023-05-24 01:38:53.2651037+05:45,2023-05-24 01:38:53.2651037+05:45,934,2,20
661,2023-05-24 01:38:53.34377+05:45,2023-05-24 01:38:53.34377+05:45,1007,2,20
662,2023-05-24 01:38:53.3983167+05:45,2023-05-24 01:38:53.3983167+05:45,1069,2,20
663,2023-05-24 01:38:53.4417581+05:45,2023-05-24 01:38:53.4417581+05:45,1107,2,20
664,2023-05-24 01:38:53.346275+05:45,2023-05-24 01:38:53.346275+05:45,1009,2,20
665,2023-05-24 01:38:53.5196501+05:45,2023-05-24 01:38:53.5196501+05:45,1185,2,20
666,2023-05-24 01:38:53.5335007+05:45,2023-05-24 01:38:53.5335007+05:45,1174,2,20
667,2023-05-24 01:38:53.5219407+05:45,2023-05-24 01:38:53.5219407+05:45,1185,2,20
668,2023-05-24 01:38:53.3484066+05:45,2023-05-24 01:38:53.3484066+05:45,998,2,20
669,2023-05-24 01:38:53.332206+05:45,2023-05-24 01:38:53.332206+05:45,995,2,20
670,2023-05-24 01:38:53.6079968+05:45,2023-05-24 01:38:53.6079968+05:45,1244,2,20
671,2023-05-24 01:38:53.9253483+05:45,2023-05-24 01:38:53.9253483+05:45,1588,2,20
672,2023-05-24 01:38:54.1404857+05:45,2023-05-24 01:38:54.1404857+05:45,1809,2,20
673,2023-05-24 01:38:54.2161913+05:45,2023-05-24 01:38:54.2161913+05:45,1757,2,20
674,2023-05-24 01:38:53.7428879+05:45,2023-05-24 01:38:53.7428879+05:45,1414,2,20
675,2023-05-24 01:38:54.2691393+05:45,2023-05-24 01:38:54.2691393+05:45,1938,2,20
676,2023-05-24 01:38:53.9301531+05:45,2023-05-24 01:38:53.9301531+05:45,1530,2,20
677,2023-05-24 01:38:54.3319342+05:45,2023-05-24 01:38:54.3319342+05:45,1724,2,20
678,2023-05-24 01:38:54.3319342+05:45,2023-05-24 01:38:54.3319342+05:45,1834,2,20
679,2023-05-24 01:38:54.3319342+05:45,2023-05-24 01:38:54.3319342+05:45,1760,2,20
680,2023-05-24 01:38:54.3319342+05:45,2023-05-24 01:38:54.3319342+05:45,1623,2,20
681,2023-05-24 01:38:53.4840024+05:45,2023-05-24 01:38:53.4840024+05:45,1081,2,20
682,2023-05-24 01:38:53.7016404+05:45,2023-05-24 01:38:53.7016404+05:45,1367,2,20
683,2023-05-24 01:38:53.4828983+05:45,2023-05-24 01:38:53.4828983+05:45,1129,2,20
684,2023-05-24 01:38:54.3128559+05:45,2023-05-24 01:38:54.3128559+05:45,1617,2,20
685,2023-05-24 01:38:54.2705915+05:45,2023-05-24 01:38:54.2705915+05:45,1698,2,20
686,2023-05-24 01:38:53.8132581+05:45,2023-05-24 01:38:53.8132581+05:45,1442,2,20
687,2023-05-24 01:38:54.3319342+05:45,2023-05-24 01:38:54.3319342+05:45,1673,2,20
688,2023-05-24 01:38:54.2995772+05:45,2023-05-24 01:38:54.2995772+05:45,1660,2,20
689,2023-05-24 01:38:53.8680325+05:45,2023-05-24 01:38:53.8680325+05:45,1531,2,20
690,2023-05-24 01:38:53.6168523+05:45,2023-05-24 01:38:53.6168523+05:45,1279,2,20
691,2023-05-24 01:38:53.6666446+05:45,2023-05-24 01:38:53.6666446+05:45,1295,2,20
692,2023-05-24 01:38:53.5259068+05:45,2023-05-24 01:38:53.5259068+05:45,1184,2,20
693,2023-05-24 01:38:53.3467389+05:45,2023-05-24 01:38:53.3467389+05:45,1013,2,20
694,2023-05-24 01:38:53.502618+05:45,2023-05-24 01:38:53.502618+05:45,1171,2,20
695,2023-05-24 01:38:53.6086999+05:45,2023-05-24 01:38:53.6086999+05:45,1219,2,20
696,2023-05-24 01:38:53.6537885+05:45,2023-05-24 01:38:53.6537885+05:45,1324,2,20
697,2023-05-24 01:38:53.747493+05:45,2023-05-24 01:38:53.747493+05:45,1387,2,20
698,2023-05-24 01:38:53.6093936+05:45,2023-05-24 01:38:53.6093936+05:45,1257,2,20
699,2023-05-24 01:38:53.5246973+05:45,2023-05-24 01:38:53.5246973+05:45,1189,2,20
700,2023-05-24 01:38:53.4845292+05:45,2023-05-24 01:38:53.4845292+05:45,1095,2,20
701,2023-05-24 01:38:57.6190377+05:45,2023-05-24 01:38:57.6190377+05:45,85,2,20
702,2023-05-24 01:38:57.6943138+05:45,2023-05-24 01:38:57.6943138+05:45,159,2,20
703,2023-05-24 01:38:57.8344847+05:45,2023-05-24 01:38:57.8344847+05:45,299,2,20
704,2023-05-24 01:38:57.9652017+05:45,2023-05-24 01:38:57.9652017+05:45,430,2,20
705,2023-05-24 01:38:58.048832+05:45,2023-05-24 01:38:58.048832+05:45,514,2,20
706,2023-05-24 01:38:58.0304297+05:45,2023-05-24 01:38:58.0304297+05:45,495,2,20
707,2023-05-24 01:38:58.115244+05:45,2023-05-24 01:38:58.115244+05:45,499,2,20
708,2023-05-24 01:38:58.2034597+05:45,2023-05-24 01:38:58.2034597+05:45,668,2,20
709,2023-05-24 01:38:58.1724655+05:45,2023-05-24 01:38:58.1724655+05:45,637,2,20
710,2023-05-24 01:38:58.2717117+05:45,2023-05-24 01:38:58.2717117+05:45,737,2,20
711,2023-05-24 01:38:58.1178036+05:45,2023-05-24 01:38:58.1178036+05:45,573,2,20
712,2023-05-24 01:38:58.332374+05:45,2023-05-24 01:38:58.332374+05:45,755,2,20
713,2023-05-24 01:38:58.4562051+05:45,2023-05-24 01:38:58.4562051+05:45,921,2,20
714,2023-05-24 01:38:58.5675844+05:45,2023-05-24 01:38:58.5675844+05:45,1032,2,20
715,2023-05-24 01:38:58.6379065+05:45,2023-05-24 01:38:58.6379065+05:45,1103,2,20
716,2023-05-24 01:38:58.4920157+05:45,2023-05-24 01:38:58.4920157+05:45,957,2,20
717,2023-05-24 01:38:58.7066513+05:45,2023-05-24 01:38:58.7066513+05:45,1172,2,20
718,2023-05-24 01:38:58.7877968+05:45,2023-05-24 01:38:58.7877968+05:45,1253,2,20
719,2023-05-24 01:38:58.8411952+05:45,2023-05-24 01:38:58.8411952+05:45,1281,2,20
720,2023-05-24 01:38:58.8156063+05:45,2023-05-24 01:38:58.8156063+05:45,1281,2,20
721,2023-05-24 01:38:59.0710566+05:45,2023-05-24 01:38:59.0710566+05:45,1474,2,20
722,2023-05-24 01:38:59.1084479+05:45,2023-05-24 01:38:59.1084479+05:45,1575,2,20
723,2023-05-24 01:38:59.2417775+05:45,2023-05-24 01:38:59.2417775+05:45,1706,2,20
724,2023-05-24 01:38:58.960523+05:45,2023-05-24 01:38:58.960523+05:45,1425,2,20
725,2023-05-24 01:38:59.3356907+05:45,2023-05-24 01:38:59.3356907+05:45,1801,2,20
726,2023-05-24 01:38:59.4495661+05:45,2023-05-24 01:38:59.4495661+05:45,1914,2,20
727,2023-05-24 01:38:59.373935+05:45,2023-05-24 01:38:59.373935+05:45,1840,2,20
728,2023-05-24 01:38:59.5577411+05:45,2023-05-24 01:38:59.5577411+05:45,2024,2,20
729,2023-05-24 01:38:59.6086179+05:45,2023-05-24 01:38:59.6086179+05:45,2073,2,20
730,2023-05-24 01:38:59.4918005+05:45,2023-05-24 01:38:59.4918005+05:45,1957,2,20
731,2023-05-24 01:38:59.6349278+05:45,2023-05-24 01:38:59.6349278+05:45,2100,2,20
732,2023-05-24 01:38:59.8911036+05:45,2023-05-24 01:38:59.8911036+05:45,2357,2,20
733,2023-05-24 01:39:00.0575403+05:45,2023-05-24 01:39:00.0575403+05:45,2356,2,20
734,2023-05-24 01:39:00.3242564+05:45,2023-05-24 01:39:00.3242564+05:45,2769,2,20
735,2023-05-24 01:39:00.4066299+05:45,2023-05-24 01:39:00.4066299+05:45,2873,2,20
736,2023-05-24 01:39:00.2917914+05:45,2023-05-24 01:39:00.2917914+05:45,2689,2,20
737,2023-05-24 01:39:00.2912475+05:45,2023-05-24 01:39:00.2912475+05:45,2756,2,20
738,2023-05-24 01:39:00.1668776+05:45,2023-05-24 01:39:00.1668776+05:45,2632,2,20
739,2023-05-24 01:39:00.4880079+05:45,2023-05-24 01:39:00.4880079+05:45,2953,2,20
740,2023-05-24 01:39:00.3072926+05:45,2023-05-24 01:39:00.3072926+05:45,2656,2,20
741,2023-05-24 01:38:59.7500069+05:45,2023-05-24 01:38:59.7500069+05:45,2216,2,20
742,2023-05-24 01:38:59.8899153+05:45,2023-05-24 01:38:59.8899153+05:45,2219,2,20
743,2023-05-24 01:39:00.3097211+05:45,2023-05-24 01:39:00.3097211+05:45,2654,2,20
744,2023-05-24 01:39:00.3898597+05:45,2023-05-24 01:39:00.3898597+05:45,2821,2,20
745,2023-05-24 01:38:59.8878792+05:45,2023-05-24 01:38:59.8878792+05:45,2253,2,20
746,2023-05-24 01:39:00.2912475+05:45,2023-05-24 01:39:00.2912475+05:45,2632,2,20
747,2023-05-24 01:39:00.1662803+05:45,2023-05-24 01:39:00.1662803+05:45,2633,2,20
748,2023-05-24 01:39:00.2858919+05:45,2023-05-24 01:39:00.2858919+05:45,2632,2,20
749,2023-05-24 01:38:59.9851325+05:45,2023-05-24 01:38:59.9851325+05:45,2404,2,20
750,2023-05-24 01:39:00.2906958+05:45,2023-05-24 01:39:00.2906958+05:45,2632,2,20
751,2023-05-24 01:39:02.6862397+05:45,2023-05-24 01:39:02.6862397+05:45,228,2,20
752,2023-05-24 01:39:03.1059369+05:45,2023-05-24 01:39:03.1059369+05:45,487,2,20
753,2023-05-24 01:39:03.1059369+05:45,2023-05-24 01:39:03.1059369+05:45,260,2,20
754,2023-05-24 01:39:03.1189319+05:45,2023-05-24 01:39:03.1189319+05:45,657,2,20
755,2023-05-24 01:39:03.1059369+05:45,2023-05-24 01:39:03.1059369+05:45,277,2,20
756,2023-05-24 01:39:03.1087751+05:45,2023-05-24 01:39:03.1087751+05:45,544,2,20
757,2023-05-24 01:39:03.1059369+05:45,2023-05-24 01:39:03.1059369+05:45,475,2,20
758,2023-05-24 01:39:02.5513582+05:45,2023-05-24 01:39:02.5513582+05:45,94,2,20
759,2023-05-24 01:39:03.6155754+05:45,2023-05-24 01:39:03.6155754+05:45,1154,2,20
760,2023-05-24 01:39:03.1121447+05:45,2023-05-24 01:39:03.1121447+05:45,633,2,20
761,2023-05-24 01:39:03.7395362+05:45,2023-05-24 01:39:03.7395362+05:45,1282,2,20
762,2023-05-24 01:39:03.9073805+05:45,2023-05-24 01:39:03.9073805+05:45,1447,2,20
763,2023-05-24 01:39:03.9162836+05:45,2023-05-24 01:39:03.9162836+05:45,1455,2,20
764,2023-05-24 01:39:04.0175757+05:45,2023-05-24 01:39:04.0175757+05:45,1556,2,20
765,2023-05-24 01:39:03.9745839+05:45,2023-05-24 01:39:03.9745839+05:45,1504,2,20
766,2023-05-24 01:39:03.8482439+05:45,2023-05-24 01:39:03.8482439+05:45,1209,2,20
767,2023-05-24 01:39:04.2783358+05:45,2023-05-24 01:39:04.2783358+05:45,1819,2,20
768,2023-05-24 01:39:04.1490779+05:45,2023-05-24 01:39:04.1490779+05:45,1687,2,20
769,2023-05-24 01:39:03.5929878+05:45,2023-05-24 01:39:03.5929878+05:45,1135,2,20
770,2023-05-24 01:39:04.672317+05:45,2023-05-24 01:39:04.672317+05:45,2191,2,20
771,2023-05-24 01:39:04.6269896+05:45,2023-05-24 01:39:04.6269896+05:45,2170,2,20
772,2023-05-24 01:39:04.1251825+05:45,2023-05-24 01:39:04.1251825+05:45,1664,2,20
773,2023-05-24 01:39:05.2178202+05:45,2023-05-24 01:39:05.2178202+05:45,2755,2,20
774,2023-05-24 01:39:04.5722971+05:45,2023-05-24 01:39:04.5722971+05:45,2115,2,20
775,2023-05-24 01:39:04.6081695+05:45,2023-05-24 01:39:04.6081695+05:45,2030,2,20
776,2023-05-24 01:39:04.675806+05:45,2023-05-24 01:39:04.675806+05:45,2045,2,20
777,2023-05-24 01:39:04.7378874+05:45,2023-05-24 01:39:04.7378874+05:45,2276,2,20
778,2023-05-24 01:39:05.5627663+05:45,2023-05-24 01:39:05.5627663+05:45,3075,2,20
779,2023-05-24 01:39:04.6071585+05:45,2023-05-24 01:39:04.6071585+05:45,2013,2,20
780,2023-05-24 01:39:04.8987411+05:45,2023-05-24 01:39:04.8987411+05:45,2382,2,20
781,2023-05-24 01:39:06.0359897+05:45,2023-05-24 01:39:06.0359897+05:45,3574,2,20
782,2023-05-24 01:39:05.8822896+05:45,2023-05-24 01:39:05.8822896+05:45,3421,2,20
783,2023-05-24 01:39:06.0925816+05:45,2023-05-24 01:39:06.0925816+05:45,3515,2,20
784,2023-05-24 01:39:05.7227865+05:45,2023-05-24 01:39:05.7227865+05:45,3261,2,20
785,2023-05-24 01:39:06.0947295+05:45,2023-05-24 01:39:06.0947295+05:45,3554,2,20
786,2023-05-24 01:39:06.0897843+05:45,2023-05-24 01:39:06.0897843+05:45,3608,2,20
787,2023-05-24 01:39:05.803519+05:45,2023-05-24 01:39:05.803519+05:45,3342,2,20
788,2023-05-24 01:39:05.6333183+05:45,2023-05-24 01:39:05.6333183+05:45,3173,2,20
789,2023-05-24 01:39:05.0170013+05:45,2023-05-24 01:39:05.0170013+05:45,2365,2,20
790,2023-05-24 01:39:06.0941958+05:45,2023-05-24 01:39:06.0941958+05:45,3513,2,20
791,2023-05-24 01:39:05.1893979+05:45,2023-05-24 01:39:05.1893979+05:45,2728,2,20
792,2023-05-24 01:39:04.1950508+05:45,2023-05-24 01:39:04.1950508+05:45,1733,2,20
793,2023-05-24 01:39:04.6075379+05:45,2023-05-24 01:39:04.6075379+05:45,2030,2,20
794,2023-05-24 01:39:05.803519+05:45,2023-05-24 01:39:05.803519+05:45,3342,2,20
795,2023-05-24 01:39:05.8717456+05:45,2023-05-24 01:39:05.8717456+05:45,3347,2,20
796,2023-05-24 01:39:05.9215108+05:45,2023-05-24 01:39:05.9215108+05:45,3425,2,20
797,2023-05-24 01:39:03.1082626+05:45,2023-05-24 01:39:03.1082626+05:45,579,2,20
798,2023-05-24 01:39:05.87127+05:45,2023-05-24 01:39:05.87127+05:45,3344,2,20
799,2023-05-24 01:39:05.3538725+05:45,2023-05-24 01:39:05.3538725+05:45,2893,2,20
800,2023-05-24 01:39:05.5446293+05:45,2023-05-24 01:39:05.5446293+05:45,3082,2,20
